{"cameraMode":{"drawMode":0,"name":"Shaded","section":"Shading Mode"},"sceneLighting":true,"audioPlay":false,"sceneViewState":{"m_AlwaysRefresh":false,"showFog":true,"showSkybox":true,"showFlares":true,"showImageEffects":true,"showParticleSystems":true,"showVisualEffectGraphs":true,"m_FxEnabled":true},"in2DMode":false,"pivot":{"x":381.5179138183594,"y":75.32252502441406,"z":-208.40225219726563},"rotation":{"x":0.3366483151912689,"y":0.026831503957509996,"z":-0.009597131982445717,"w":0.9412003755569458},"size":24.659652709960939,"orthographic":false}